Request_ID,Date,Category,Sensitivity_Level,Contract_Status,Crowd_Density_Level,Processing_Time_Minutes,Risk_Level
REQ-1000,2026-01-15,Role Permission,Medium,Active,Medium,22,0
REQ-1001,2026-01-14,Join Request,High,Active,Low,41,0
REQ-1002,2026-04-07,Data Update,Low,Active,Low,10,0
REQ-1003,2026-02-10,Data Update,Low,Active,Low,11,0
REQ-1004,2026-05-18,Data Update,High,Active,Medium,44,0
REQ-1005,2026-01-30,System Audit,Low,Active,Medium,14,0
REQ-1006,2026-02-26,Join Request,Low,Expired,High,38,0
REQ-1007,2026-04-02,Join Request,Low,Active,High,34,1
REQ-1008,2026-04-28,Data Update,Low,Active,High,28,0
REQ-1009,2026-01-19,Join Request,High,Active,Low,37,0
REQ-1010,2026-01-13,System Audit,Low,Active,Low,21,0
REQ-1011,2026-02-14,Join Request,Medium,Active,Medium,10,0
REQ-1012,2026-02-28,Data Update,Low,Active,Low,22,0
REQ-1013,2026-03-03,Join Request,Low,Active,Low,13,0
REQ-1014,2026-01-21,Join Request,Low,Active,Low,16,0
REQ-1015,2026-01-26,Data Update,Medium,Active,Medium,16,0
REQ-1016,2026-02-11,Role Permission,Medium,Active,Medium,19,0
REQ-1017,2026-05-15,System Audit,Medium,Active,Medium,10,0
REQ-1018,2026-04-09,Data Update,Low,Active,Medium,13,0
REQ-1019,2026-02-10,Join Request,Low,Active,Medium,23,0
REQ-1020,2026-04-28,Join Request,Low,Active,Low,17,0
REQ-1021,2026-05-20,Data Update,Low,Active,Low,15,0
REQ-1022,2026-04-15,Join Request,Low,Active,Medium,10,0
REQ-1023,2026-05-05,Join Request,Low,Active,Medium,15,0
REQ-1024,2026-01-28,Data Update,Low,Expired,Medium,12,0
REQ-1025,2026-05-15,Join Request,Medium,Active,Medium,15,0
REQ-1026,2026-01-24,Role Permission,Low,Active,Low,12,0
REQ-1027,2026-02-11,Join Request,Medium,Active,High,34,0
REQ-1028,2026-05-19,System Audit,Low,Active,Low,17,1
REQ-1029,2026-01-12,Join Request,High,Active,Medium,40,0
REQ-1030,2026-05-03,Join Request,High,Active,Medium,42,0
REQ-1031,2026-04-21,Role Permission,Low,Active,Medium,24,1
REQ-1032,2026-03-21,Join Request,Low,Active,Medium,19,0
REQ-1033,2026-01-25,Join Request,Low,Active,High,25,0
REQ-1034,2026-05-16,Data Update,Low,Active,Medium,10,0
REQ-1035,2026-01-28,Role Permission,High,Active,Medium,43,0
REQ-1036,2026-03-19,Role Permission,Medium,Active,High,37,1
REQ-1037,2026-01-29,Data Update,Medium,Active,High,35,0
REQ-1038,2026-04-21,Join Request,Low,Active,Low,17,0
REQ-1039,2026-04-13,Join Request,Low,Active,High,35,0
REQ-1040,2026-04-02,Join Request,Low,Active,Low,11,0
REQ-1041,2026-04-20,Join Request,High,Active,High,51,0
REQ-1042,2026-04-08,Join Request,Low,Active,High,35,0
REQ-1043,2026-04-10,Role Permission,Medium,Expired,High,39,1
REQ-1044,2026-04-15,Join Request,Medium,Active,Low,16,0
REQ-1045,2026-03-10,Join Request,Low,Active,High,37,0
REQ-1046,2026-03-30,Role Permission,Low,Active,Low,20,0
REQ-1047,2026-05-16,Join Request,Medium,Active,Medium,18,0
REQ-1048,2026-02-24,Join Request,Medium,Active,Low,11,0
REQ-1049,2026-03-15,Join Request,Medium,Active,Low,17,0
REQ-1050,2026-02-25,Join Request,Medium,Expired,Medium,14,1
REQ-1051,2026-04-24,Data Update,Low,Active,Low,17,1
REQ-1052,2026-05-05,Join Request,High,Active,Low,35,0
REQ-1053,2026-03-16,Join Request,Low,Active,High,28,0
REQ-1054,2026-05-06,System Audit,Medium,Active,Medium,15,0
REQ-1055,2026-02-28,System Audit,High,Active,Medium,39,0
REQ-1056,2026-01-18,Data Update,Medium,Expired,Low,19,1
REQ-1057,2026-04-18,Join Request,Low,Active,Medium,18,0
REQ-1058,2026-01-26,Role Permission,Low,Expired,Low,11,0
REQ-1059,2026-03-09,Join Request,Medium,Active,Low,19,0
REQ-1060,2026-05-23,Join Request,Low,Active,High,38,0
REQ-1061,2026-01-11,Data Update,Low,Active,Medium,10,0
REQ-1062,2026-05-28,Join Request,Low,Active,Medium,24,0
REQ-1063,2026-03-02,Data Update,Low,Active,Medium,20,0
REQ-1064,2026-01-22,Join Request,High,Active,Low,42,1
REQ-1065,2026-03-01,System Audit,Low,Active,Low,11,0
REQ-1066,2026-01-14,Role Permission,Medium,Active,Low,17,0
REQ-1067,2026-02-26,Join Request,Low,Expired,High,37,0
REQ-1068,2026-04-13,Data Update,Low,Active,Low,17,0
REQ-1069,2026-01-25,Data Update,Low,Active,High,30,0
REQ-1070,2026-03-07,Data Update,Low,Active,High,34,0
REQ-1071,2026-05-22,Role Permission,Medium,Expired,High,30,1
REQ-1072,2026-05-21,Data Update,Low,Active,Medium,23,0
REQ-1073,2026-03-06,Join Request,Medium,Active,Medium,15,1
REQ-1074,2026-01-15,Data Update,Low,Active,Medium,11,0
REQ-1075,2026-02-01,Role Permission,Low,Active,Medium,12,0
REQ-1076,2026-01-31,Data Update,Low,Active,Medium,11,0
REQ-1077,2026-02-08,Role Permission,Medium,Expired,Low,19,1
REQ-1078,2026-01-04,Role Permission,Low,Expired,Medium,14,0
REQ-1079,2026-02-26,Data Update,Low,Active,Low,10,0
REQ-1080,2026-04-13,Role Permission,Low,Active,Medium,10,0
REQ-1081,2026-01-29,Role Permission,Medium,Active,Medium,13,0
REQ-1082,2026-04-09,System Audit,Low,Active,High,36,0
REQ-1083,2026-01-27,Data Update,Low,Active,Medium,24,0
REQ-1084,2026-04-02,Join Request,High,Active,Low,39,0
REQ-1085,2026-04-17,Data Update,Low,Active,Low,18,0
REQ-1086,2026-04-04,Data Update,Low,Active,Low,17,0
REQ-1087,2026-03-28,Join Request,Low,Active,Low,19,0
REQ-1088,2026-03-27,Role Permission,Low,Active,Medium,23,0
REQ-1089,2026-03-08,Data Update,Low,Active,Low,24,0
REQ-1090,2026-04-02,Role Permission,High,Active,High,54,1
REQ-1091,2026-02-15,Role Permission,Low,Active,High,31,1
REQ-1092,2026-03-02,Data Update,High,Active,Low,41,0
REQ-1093,2026-02-07,Data Update,Medium,Active,Medium,14,0
REQ-1094,2026-01-01,Join Request,High,Expired,High,53,1
REQ-1095,2026-05-30,Join Request,Medium,Active,Medium,14,0
REQ-1096,2026-03-17,Data Update,Low,Active,Medium,17,0
REQ-1097,2026-03-24,Join Request,Low,Active,Low,10,0
REQ-1098,2026-02-21,Join Request,High,Active,Medium,33,0
REQ-1099,2026-02-10,Join Request,Low,Active,Low,21,1
REQ-1100,2026-01-14,Join Request,High,Active,Medium,30,1
REQ-1101,2026-05-20,Data Update,Low,Active,Low,10,0
REQ-1102,2026-04-07,Data Update,Low,Active,Low,21,0
REQ-1103,2026-02-17,Join Request,Low,Active,Medium,22,0
REQ-1104,2026-03-28,Data Update,Low,Expired,Medium,11,0
REQ-1105,2026-02-09,Data Update,Low,Active,Low,10,0
REQ-1106,2026-03-24,Role Permission,Low,Active,Medium,16,0
REQ-1107,2026-02-22,Join Request,High,Active,Low,34,0
REQ-1108,2026-03-04,Role Permission,Low,Active,Medium,13,0
REQ-1109,2026-03-12,Data Update,Medium,Active,High,25,0
REQ-1110,2026-04-19,Join Request,Low,Active,High,37,0
REQ-1111,2026-01-18,Role Permission,High,Active,High,48,1
REQ-1112,2026-01-11,Data Update,Medium,Expired,Low,24,1
REQ-1113,2026-05-17,System Audit,Low,Active,Low,10,0
REQ-1114,2026-05-28,Data Update,Low,Active,Low,21,0
REQ-1115,2026-05-20,Join Request,Low,Active,Medium,16,0
REQ-1116,2026-04-06,Join Request,High,Active,High,50,0
REQ-1117,2026-05-03,Data Update,Low,Active,Medium,21,0
REQ-1118,2026-02-08,Role Permission,High,Active,Low,33,0
REQ-1119,2026-05-02,Join Request,High,Active,Low,30,0
REQ-1120,2026-04-30,Data Update,Low,Active,Medium,10,0
REQ-1121,2026-05-28,Join Request,High,Expired,High,47,1
REQ-1122,2026-01-26,Join Request,Low,Expired,Medium,12,0
REQ-1123,2026-02-13,Join Request,Low,Active,Medium,10,0
REQ-1124,2026-02-17,Join Request,Low,Active,Low,18,0
REQ-1125,2026-03-21,Join Request,Low,Active,Medium,18,0
REQ-1126,2026-04-01,Data Update,Medium,Active,Low,20,1
REQ-1127,2026-01-03,Data Update,Low,Active,Medium,15,0
REQ-1128,2026-02-17,Join Request,Medium,Active,Medium,22,0
REQ-1129,2026-04-06,Data Update,High,Expired,Low,42,1
REQ-1130,2026-01-14,Join Request,High,Expired,Medium,36,1
REQ-1131,2026-02-01,Join Request,Medium,Active,Medium,12,0
REQ-1132,2026-04-22,Join Request,Low,Expired,Medium,16,0
REQ-1133,2026-03-07,Role Permission,Low,Active,Medium,20,0
REQ-1134,2026-02-02,Role Permission,Low,Active,Medium,10,0
REQ-1135,2026-05-08,Data Update,High,Active,Medium,33,0
REQ-1136,2026-05-17,System Audit,Low,Active,Low,12,0
REQ-1137,2026-05-03,Role Permission,Low,Expired,Medium,24,0
REQ-1138,2026-04-18,Data Update,Low,Active,Medium,13,0
REQ-1139,2026-02-16,Data Update,Medium,Active,Medium,13,0
REQ-1140,2026-03-26,Data Update,High,Active,Medium,35,0
REQ-1141,2026-03-17,Join Request,Low,Active,Medium,16,0
REQ-1142,2026-01-11,Join Request,Low,Active,Medium,15,0
REQ-1143,2026-01-08,Data Update,Low,Active,High,35,0
REQ-1144,2026-01-14,Join Request,Low,Expired,Medium,19,0
REQ-1145,2026-02-01,Role Permission,High,Active,Medium,36,0
REQ-1146,2026-01-05,Join Request,Low,Active,Medium,14,0
REQ-1147,2026-05-19,System Audit,Low,Active,Low,12,0
REQ-1148,2026-05-11,Data Update,Medium,Active,High,38,0
REQ-1149,2026-05-17,Join Request,High,Active,Medium,37,0
REQ-1150,2026-05-29,Join Request,High,Expired,Low,42,1
REQ-1151,2026-05-13,Join Request,Low,Active,Low,22,0
REQ-1152,2026-02-16,Join Request,Medium,Active,Medium,17,1
REQ-1153,2026-05-01,Data Update,Medium,Active,Medium,23,0
REQ-1154,2026-01-16,Role Permission,Medium,Expired,Medium,15,1
REQ-1155,2026-02-28,Role Permission,High,Active,High,47,1
REQ-1156,2026-02-10,Data Update,Low,Active,Medium,13,0
REQ-1157,2026-01-04,Role Permission,Low,Expired,Low,18,0
REQ-1158,2026-01-08,Join Request,Low,Active,High,26,0
REQ-1159,2026-05-10,Join Request,High,Expired,Medium,35,1
REQ-1160,2026-05-19,Join Request,Low,Active,Medium,19,0
REQ-1161,2026-03-12,Role Permission,Low,Active,High,37,1
REQ-1162,2026-05-11,Join Request,High,Active,Medium,39,0
REQ-1163,2026-03-30,Join Request,Medium,Active,Low,10,0
REQ-1164,2026-03-16,Join Request,Medium,Active,Low,19,0
REQ-1165,2026-02-09,Data Update,Low,Expired,Low,20,0
REQ-1166,2026-03-30,Role Permission,High,Expired,Medium,35,1
REQ-1167,2026-02-05,Data Update,High,Active,Low,31,0
REQ-1168,2026-01-27,Join Request,Medium,Active,Medium,23,0
REQ-1169,2026-01-22,Data Update,High,Active,Medium,43,0
REQ-1170,2026-01-04,Role Permission,Low,Active,Medium,14,0
REQ-1171,2026-05-16,Join Request,Low,Active,High,30,0
REQ-1172,2026-04-01,Data Update,Low,Active,Low,23,0
REQ-1173,2026-04-22,Data Update,High,Active,Medium,32,0
REQ-1174,2026-02-19,Join Request,Medium,Active,Medium,21,0
REQ-1175,2026-05-25,Join Request,Low,Active,High,38,0
REQ-1176,2026-04-18,Data Update,Low,Active,Medium,23,0
REQ-1177,2026-01-22,Join Request,Medium,Active,Medium,15,0
REQ-1178,2026-05-05,System Audit,Low,Active,Medium,14,0
REQ-1179,2026-01-31,System Audit,Low,Active,High,29,0
REQ-1180,2026-04-17,Role Permission,High,Active,Medium,31,0
REQ-1181,2026-03-12,Join Request,Low,Active,Medium,23,1
REQ-1182,2026-03-12,Join Request,Low,Active,Medium,16,0
REQ-1183,2026-02-07,Data Update,Medium,Active,Low,20,0
REQ-1184,2026-01-03,Data Update,Medium,Active,Medium,13,0
REQ-1185,2026-03-03,Join Request,Low,Active,Medium,12,0
REQ-1186,2026-02-04,Data Update,Medium,Active,Medium,14,0
REQ-1187,2026-05-16,Role Permission,Medium,Active,Medium,13,0
REQ-1188,2026-05-30,Join Request,Low,Active,High,27,0
REQ-1189,2026-05-24,Join Request,Medium,Active,Medium,13,0
REQ-1190,2026-02-02,Data Update,High,Active,Medium,36,0
REQ-1191,2026-02-26,Data Update,Low,Active,Medium,18,0
REQ-1192,2026-04-18,Join Request,Low,Active,Medium,11,0
REQ-1193,2026-03-01,Join Request,Medium,Active,Medium,10,0
REQ-1194,2026-05-08,Data Update,Medium,Active,High,33,0
REQ-1195,2026-02-23,System Audit,Low,Active,High,36,0
REQ-1196,2026-04-20,Role Permission,High,Expired,High,57,1
REQ-1197,2026-04-26,Data Update,Low,Active,High,29,0
REQ-1198,2026-05-18,Role Permission,Low,Active,Medium,17,0
REQ-1199,2026-01-20,Data Update,Medium,Expired,Low,21,1
REQ-1200,2026-03-29,Join Request,Low,Active,Medium,22,0
REQ-1201,2026-01-16,Join Request,Medium,Active,High,25,0
REQ-1202,2026-02-06,Join Request,Medium,Active,Medium,23,0
REQ-1203,2026-03-14,Join Request,Low,Active,Medium,15,0
REQ-1204,2026-03-24,Data Update,Low,Active,Low,14,0
REQ-1205,2026-01-21,Role Permission,Low,Expired,High,36,1
REQ-1206,2026-05-22,System Audit,Low,Active,Medium,11,0
REQ-1207,2026-01-16,Data Update,Low,Active,High,27,0
REQ-1208,2026-01-31,Join Request,Low,Expired,Medium,11,0
REQ-1209,2026-05-06,Role Permission,Low,Active,Low,24,0
REQ-1210,2026-02-02,Role Permission,Medium,Expired,Medium,10,1
REQ-1211,2026-03-15,Join Request,Medium,Active,Low,15,0
REQ-1212,2026-03-27,Role Permission,Low,Active,Medium,15,0
REQ-1213,2026-01-06,Role Permission,High,Expired,Low,33,1
REQ-1214,2026-02-01,Join Request,High,Active,Medium,31,0
REQ-1215,2026-03-28,Join Request,Low,Active,Low,10,0
REQ-1216,2026-01-07,Role Permission,Low,Active,High,34,1
REQ-1217,2026-04-21,Data Update,High,Expired,Medium,44,1
REQ-1218,2026-03-19,Data Update,Medium,Active,Low,14,1
REQ-1219,2026-02-06,System Audit,Low,Active,Low,19,1
REQ-1220,2026-03-28,Data Update,Low,Active,Medium,16,0
REQ-1221,2026-05-05,Join Request,Low,Expired,Low,11,1
REQ-1222,2026-03-19,Join Request,Low,Active,Medium,15,1
REQ-1223,2026-01-30,Data Update,High,Active,Medium,44,0
REQ-1224,2026-02-28,Join Request,High,Active,Low,43,0
REQ-1225,2026-05-18,Join Request,Low,Active,High,36,0
REQ-1226,2026-01-30,Join Request,High,Active,Medium,43,0
REQ-1227,2026-02-16,Data Update,Low,Active,Low,10,0
REQ-1228,2026-03-14,Data Update,Low,Active,Medium,22,0
REQ-1229,2026-05-30,System Audit,Low,Active,Medium,15,0
REQ-1230,2026-02-18,Data Update,Medium,Active,High,30,0
REQ-1231,2026-03-20,Join Request,Low,Active,Medium,13,0
REQ-1232,2026-02-10,System Audit,Low,Active,Medium,15,1
REQ-1233,2026-03-05,Join Request,Low,Expired,Medium,14,0
REQ-1234,2026-04-06,System Audit,Low,Active,Low,21,0
REQ-1235,2026-03-27,Data Update,Low,Active,Low,23,0
REQ-1236,2026-02-05,Data Update,Medium,Active,Low,22,0
REQ-1237,2026-04-10,System Audit,Low,Expired,Medium,24,0
REQ-1238,2026-05-07,Role Permission,Low,Expired,Medium,22,1
REQ-1239,2026-04-04,Data Update,Low,Active,Medium,19,0
REQ-1240,2026-02-09,Join Request,Low,Active,Medium,11,0
REQ-1241,2026-04-24,Join Request,Low,Active,Medium,12,0
REQ-1242,2026-02-27,Data Update,Low,Active,Medium,14,0
REQ-1243,2026-04-07,Join Request,Low,Active,High,37,0
REQ-1244,2026-02-04,Join Request,Low,Active,High,27,0
REQ-1245,2026-05-28,Data Update,Low,Active,Medium,13,0
REQ-1246,2026-01-26,Join Request,Low,Active,Low,18,0
REQ-1247,2026-04-14,Role Permission,Medium,Active,High,33,1
REQ-1248,2026-02-13,Role Permission,Medium,Active,Medium,23,0
REQ-1249,2026-02-27,Data Update,Low,Active,Low,17,0
REQ-1250,2026-04-06,Data Update,Low,Active,Low,22,0
REQ-1251,2026-02-22,Role Permission,Low,Active,Low,14,0
REQ-1252,2026-01-01,Join Request,Low,Active,High,29,0
REQ-1253,2026-03-01,Data Update,Low,Active,Low,20,0
REQ-1254,2026-04-18,Data Update,Low,Active,Medium,20,0
REQ-1255,2026-03-11,Join Request,Low,Active,High,27,0
REQ-1256,2026-02-06,Join Request,Low,Active,Medium,15,1
REQ-1257,2026-02-11,System Audit,Medium,Active,High,29,0
REQ-1258,2026-02-09,Data Update,Low,Active,High,37,0
REQ-1259,2026-04-07,Data Update,High,Active,Medium,36,0
REQ-1260,2026-05-29,Join Request,Low,Active,Medium,19,0
REQ-1261,2026-05-24,Role Permission,High,Active,Medium,42,0
REQ-1262,2026-05-13,Role Permission,Low,Expired,Medium,24,0
REQ-1263,2026-04-08,Join Request,Low,Active,Low,18,0
REQ-1264,2026-01-17,Role Permission,Low,Active,High,28,1
REQ-1265,2026-03-11,Join Request,Low,Active,Medium,12,0
REQ-1266,2026-03-11,Join Request,Low,Active,Medium,24,0
REQ-1267,2026-05-07,Join Request,Low,Active,Medium,24,0
REQ-1268,2026-01-23,Data Update,High,Active,Low,39,0
REQ-1269,2026-02-01,Data Update,Medium,Active,Low,14,0
REQ-1270,2026-03-22,Role Permission,Low,Active,Medium,19,0
REQ-1271,2026-04-24,Data Update,Low,Active,Medium,14,0
REQ-1272,2026-01-14,Data Update,Low,Expired,Medium,22,0
REQ-1273,2026-02-05,Role Permission,Medium,Active,Medium,12,0
REQ-1274,2026-04-06,Join Request,High,Active,Low,43,0
REQ-1275,2026-03-29,Data Update,Medium,Expired,Low,12,1
REQ-1276,2026-02-26,Join Request,High,Active,Medium,40,0
REQ-1277,2026-02-07,Join Request,Low,Active,Medium,20,0
REQ-1278,2026-04-09,Data Update,Low,Expired,Medium,16,0
REQ-1279,2026-05-01,Join Request,Medium,Active,High,38,0
REQ-1280,2026-04-21,Data Update,Low,Active,Medium,16,1
REQ-1281,2026-01-28,Join Request,Medium,Active,Low,17,0
REQ-1282,2026-01-02,Join Request,Low,Active,High,26,0
REQ-1283,2026-04-13,Join Request,Low,Active,Medium,22,0
REQ-1284,2026-04-17,Data Update,Low,Active,Low,22,0
REQ-1285,2026-01-24,Role Permission,Low,Active,High,37,1
REQ-1286,2026-04-09,Role Permission,Low,Expired,High,34,1
REQ-1287,2026-03-28,Role Permission,Low,Active,Low,14,0
REQ-1288,2026-02-08,System Audit,Medium,Active,Medium,22,0
REQ-1289,2026-03-17,Join Request,Low,Expired,Low,17,0
REQ-1290,2026-05-03,Join Request,Low,Active,Low,24,0
REQ-1291,2026-02-25,Join Request,Low,Active,High,37,0
REQ-1292,2026-03-29,Join Request,High,Active,Medium,42,0
REQ-1293,2026-03-31,System Audit,Medium,Active,Low,12,0
REQ-1294,2026-01-12,Data Update,Low,Active,Medium,16,1
REQ-1295,2026-03-22,System Audit,Medium,Expired,Medium,19,1
REQ-1296,2026-04-10,Join Request,Low,Expired,Medium,12,0
REQ-1297,2026-05-21,Data Update,Low,Active,Medium,20,0
REQ-1298,2026-04-23,Role Permission,Low,Expired,Low,17,0
REQ-1299,2026-05-02,System Audit,Medium,Active,Medium,14,0
REQ-1300,2026-02-03,Join Request,High,Active,Low,31,0
REQ-1301,2026-04-01,Data Update,Medium,Expired,Medium,24,1
REQ-1302,2026-03-15,Join Request,Low,Active,Low,14,0
REQ-1303,2026-01-10,System Audit,Low,Expired,High,32,1
REQ-1304,2026-04-09,System Audit,High,Expired,Low,40,1
REQ-1305,2026-03-03,Join Request,Medium,Active,Medium,14,0
REQ-1306,2026-03-08,Join Request,High,Active,Medium,35,0
REQ-1307,2026-04-18,Join Request,High,Active,Medium,33,0
REQ-1308,2026-01-18,Data Update,Low,Active,Low,14,0
REQ-1309,2026-04-28,Join Request,Medium,Active,High,28,0
REQ-1310,2026-05-10,Role Permission,Medium,Active,Medium,19,0
REQ-1311,2026-01-11,System Audit,Low,Active,Medium,20,0
REQ-1312,2026-02-27,Data Update,Low,Expired,Medium,19,0
REQ-1313,2026-05-16,System Audit,Low,Active,Medium,11,1
REQ-1314,2026-03-26,Join Request,Medium,Active,High,35,0
REQ-1315,2026-04-16,Data Update,Low,Expired,Medium,19,0
REQ-1316,2026-05-13,Join Request,Low,Active,Low,24,0
REQ-1317,2026-01-15,System Audit,High,Active,Low,33,0
REQ-1318,2026-01-14,Role Permission,Medium,Active,Low,21,0
REQ-1319,2026-02-26,Data Update,Medium,Active,Low,19,0
REQ-1320,2026-02-23,Role Permission,Low,Active,High,27,1
REQ-1321,2026-02-06,Data Update,Low,Active,Low,16,0
REQ-1322,2026-03-27,Join Request,High,Active,Medium,41,0
REQ-1323,2026-04-02,Join Request,High,Active,High,47,0
REQ-1324,2026-01-19,Join Request,Medium,Active,Medium,14,1
REQ-1325,2026-01-05,Data Update,Low,Active,Low,15,1
REQ-1326,2026-04-07,Join Request,High,Active,High,52,0
REQ-1327,2026-05-26,Join Request,Medium,Active,Medium,11,0
REQ-1328,2026-02-09,Role Permission,High,Active,Low,31,0
REQ-1329,2026-05-02,Data Update,Low,Active,High,34,0
REQ-1330,2026-05-11,Data Update,Low,Active,Low,22,0
REQ-1331,2026-02-12,Join Request,Low,Active,Medium,17,0
REQ-1332,2026-03-08,Data Update,Low,Active,Medium,12,0
REQ-1333,2026-03-27,Data Update,Medium,Expired,High,30,1
REQ-1334,2026-03-02,System Audit,High,Expired,Low,41,1
REQ-1335,2026-01-31,Data Update,Low,Active,Medium,24,0
REQ-1336,2026-05-11,Data Update,Low,Expired,Low,16,0
REQ-1337,2026-01-20,System Audit,Low,Active,High,31,0
REQ-1338,2026-01-02,Join Request,High,Active,Medium,41,0
REQ-1339,2026-03-02,Join Request,Low,Active,Medium,14,0
REQ-1340,2026-05-29,Join Request,High,Active,Low,39,0
REQ-1341,2026-05-20,Role Permission,Medium,Active,Low,11,0
REQ-1342,2026-04-05,Role Permission,Medium,Active,Medium,15,0
REQ-1343,2026-05-03,Role Permission,Low,Expired,High,27,1
REQ-1344,2026-03-06,Role Permission,High,Active,Medium,31,1
REQ-1345,2026-02-09,Role Permission,Low,Expired,Low,24,0
REQ-1346,2026-05-26,Join Request,Low,Expired,Low,18,1
REQ-1347,2026-04-18,Data Update,Medium,Expired,Low,18,1
REQ-1348,2026-02-19,Data Update,Low,Active,Low,23,0
REQ-1349,2026-04-19,Data Update,Low,Active,Low,18,0
REQ-1350,2026-05-14,System Audit,Low,Active,Medium,19,0
REQ-1351,2026-04-18,Data Update,Medium,Active,Low,10,0
REQ-1352,2026-02-10,Join Request,Low,Expired,Medium,17,1
REQ-1353,2026-02-07,Role Permission,High,Active,Medium,37,0
REQ-1354,2026-01-25,Role Permission,Medium,Active,Medium,19,0
REQ-1355,2026-01-17,Join Request,Low,Active,Medium,14,0
REQ-1356,2026-02-04,Role Permission,Low,Active,Medium,19,0
REQ-1357,2026-04-11,Join Request,Medium,Active,Low,10,0
REQ-1358,2026-02-06,Data Update,Medium,Expired,High,33,1
REQ-1359,2026-05-11,Role Permission,Medium,Expired,High,26,1
REQ-1360,2026-03-13,Data Update,Medium,Active,Low,10,0
REQ-1361,2026-02-21,Role Permission,Low,Active,Medium,23,0
REQ-1362,2026-01-08,System Audit,High,Active,High,49,0
REQ-1363,2026-02-05,Role Permission,Low,Expired,Medium,10,0
REQ-1364,2026-04-10,Data Update,Low,Active,Medium,11,1
REQ-1365,2026-04-21,Role Permission,High,Active,Low,34,0
REQ-1366,2026-05-20,Join Request,Medium,Active,Low,10,0
REQ-1367,2026-01-08,Data Update,Low,Active,Low,18,0
REQ-1368,2026-01-15,Join Request,Medium,Active,High,36,0
REQ-1369,2026-01-08,Data Update,High,Active,High,46,0
REQ-1370,2026-01-23,Join Request,Low,Active,Low,14,0
REQ-1371,2026-01-10,Join Request,Low,Active,High,27,0
REQ-1372,2026-01-24,Role Permission,Medium,Active,Medium,18,0
REQ-1373,2026-05-07,System Audit,Medium,Expired,Medium,18,1
REQ-1374,2026-03-07,Role Permission,Medium,Expired,Medium,19,1
REQ-1375,2026-02-25,System Audit,Low,Active,Medium,10,0
REQ-1376,2026-02-22,Role Permission,Medium,Active,Medium,22,0
REQ-1377,2026-05-12,Role Permission,Low,Active,Medium,23,0
REQ-1378,2026-05-26,Data Update,Medium,Active,Low,10,0
REQ-1379,2026-05-02,Join Request,Medium,Active,Low,10,0
REQ-1380,2026-04-19,System Audit,Low,Active,Medium,22,0
REQ-1381,2026-04-29,Join Request,Low,Expired,High,34,0
REQ-1382,2026-05-15,Role Permission,Medium,Active,Medium,20,0
REQ-1383,2026-03-31,Data Update,Low,Active,Medium,17,0
REQ-1384,2026-05-08,System Audit,High,Active,High,54,0
REQ-1385,2026-01-28,Role Permission,High,Active,Medium,39,0
REQ-1386,2026-05-15,Join Request,Medium,Active,Medium,13,0
REQ-1387,2026-01-11,Join Request,Medium,Active,Medium,18,0
REQ-1388,2026-04-14,Join Request,High,Active,Low,34,0
REQ-1389,2026-04-28,Join Request,Low,Active,Low,10,0
REQ-1390,2026-03-17,Data Update,Low,Active,Medium,19,1
REQ-1391,2026-05-05,Role Permission,Medium,Active,High,35,1
REQ-1392,2026-04-05,Role Permission,Low,Expired,Medium,14,0
REQ-1393,2026-01-13,Data Update,Medium,Active,Low,24,0
REQ-1394,2026-05-06,Join Request,Low,Expired,Medium,16,0
REQ-1395,2026-01-28,Role Permission,Medium,Active,Medium,17,0
REQ-1396,2026-04-19,System Audit,Low,Active,Medium,18,0
REQ-1397,2026-03-13,Join Request,High,Active,Medium,34,1
REQ-1398,2026-03-13,Data Update,Low,Expired,Medium,21,1
REQ-1399,2026-01-25,Data Update,Low,Active,Medium,11,0
REQ-1400,2026-02-22,System Audit,Medium,Active,Medium,16,0
REQ-1401,2026-03-01,Role Permission,Medium,Active,Medium,21,0
REQ-1402,2026-02-17,Role Permission,Low,Active,Medium,16,0
REQ-1403,2026-05-25,Data Update,Low,Expired,Medium,20,1
REQ-1404,2026-04-03,Role Permission,High,Active,Low,30,0
REQ-1405,2026-01-06,Join Request,Medium,Active,High,33,0
REQ-1406,2026-03-05,Role Permission,High,Active,Medium,38,0
REQ-1407,2026-01-12,Data Update,High,Active,Low,33,1
REQ-1408,2026-03-07,Data Update,Low,Active,Medium,24,0
REQ-1409,2026-01-15,Join Request,Low,Active,High,39,1
REQ-1410,2026-04-09,Data Update,Low,Active,High,35,0
REQ-1411,2026-05-28,Join Request,Low,Expired,Low,11,0
REQ-1412,2026-04-23,Role Permission,Low,Active,Low,15,0
REQ-1413,2026-05-21,Join Request,Medium,Active,Low,10,0
REQ-1414,2026-04-07,Role Permission,Medium,Active,Medium,19,0
REQ-1415,2026-05-12,Join Request,Low,Active,Medium,19,0
REQ-1416,2026-01-29,Role Permission,Low,Expired,Low,11,0
REQ-1417,2026-05-23,Join Request,Medium,Expired,Medium,13,1
REQ-1418,2026-04-15,Data Update,Low,Active,Medium,23,1
REQ-1419,2026-02-05,Data Update,Low,Active,High,27,0
REQ-1420,2026-05-25,Join Request,Low,Active,Medium,10,0
REQ-1421,2026-02-28,Join Request,Low,Expired,Low,16,0
REQ-1422,2026-05-27,Join Request,High,Active,Medium,42,1
REQ-1423,2026-05-29,Role Permission,Medium,Active,Low,12,0
REQ-1424,2026-03-22,Join Request,Low,Expired,Medium,16,0
REQ-1425,2026-02-23,Role Permission,High,Active,Medium,31,0
REQ-1426,2026-02-22,Data Update,Low,Active,Medium,10,0
REQ-1427,2026-04-19,Data Update,Low,Active,Medium,24,1
REQ-1428,2026-02-14,Role Permission,Medium,Active,Medium,24,0
REQ-1429,2026-03-17,Data Update,Medium,Active,Low,10,0
REQ-1430,2026-05-21,Join Request,Medium,Active,Low,17,0
REQ-1431,2026-01-02,Join Request,Low,Active,Low,22,0
REQ-1432,2026-01-10,Role Permission,High,Active,Medium,37,0
REQ-1433,2026-02-16,Data Update,Low,Expired,Low,24,0
REQ-1434,2026-05-09,Data Update,Medium,Expired,Medium,21,1
REQ-1435,2026-01-28,System Audit,Low,Active,Medium,16,0
REQ-1436,2026-01-09,Data Update,Low,Active,Low,14,0
REQ-1437,2026-01-18,Role Permission,Low,Active,Medium,19,0
REQ-1438,2026-02-04,Role Permission,High,Active,Medium,35,0
REQ-1439,2026-01-20,System Audit,Medium,Expired,High,28,1
REQ-1440,2026-02-08,System Audit,Low,Active,Medium,12,0
REQ-1441,2026-04-07,Role Permission,High,Active,Low,34,0
REQ-1442,2026-03-22,Data Update,Low,Active,Low,19,0
REQ-1443,2026-02-16,Data Update,Low,Active,Medium,12,0
REQ-1444,2026-03-09,Data Update,Low,Active,Medium,12,0
REQ-1445,2026-04-13,Data Update,High,Active,Medium,44,0
REQ-1446,2026-02-20,Data Update,High,Active,Medium,36,0
REQ-1447,2026-02-06,Join Request,Low,Active,Medium,23,0
REQ-1448,2026-02-23,Data Update,Medium,Active,Medium,18,0
REQ-1449,2026-01-05,Data Update,Low,Active,Low,11,0
REQ-1450,2026-02-13,Role Permission,Medium,Active,Low,24,0
REQ-1451,2026-04-16,Join Request,Low,Active,Medium,14,0
REQ-1452,2026-03-24,Join Request,Low,Active,Low,16,0
REQ-1453,2026-05-03,Data Update,Low,Active,High,27,0
REQ-1454,2026-04-07,Role Permission,Medium,Active,High,29,1
REQ-1455,2026-05-14,Data Update,High,Active,Medium,35,0
REQ-1456,2026-05-07,Role Permission,Low,Active,Medium,22,0
REQ-1457,2026-03-01,System Audit,Medium,Active,Medium,18,0
REQ-1458,2026-04-30,Join Request,Low,Active,Medium,23,0
REQ-1459,2026-05-03,Join Request,Medium,Active,High,25,0
REQ-1460,2026-01-26,Join Request,Low,Active,High,37,0
REQ-1461,2026-05-01,Join Request,Low,Active,Low,17,0
REQ-1462,2026-01-07,Join Request,Low,Expired,Medium,15,0
REQ-1463,2026-05-18,System Audit,High,Expired,Low,39,1
REQ-1464,2026-03-12,Join Request,Low,Active,High,35,0
REQ-1465,2026-04-01,Role Permission,Low,Active,Low,13,0
REQ-1466,2026-04-21,Join Request,Low,Active,Medium,18,0
REQ-1467,2026-02-03,Join Request,Medium,Active,Medium,20,0
REQ-1468,2026-04-17,Data Update,Low,Active,Medium,16,0
REQ-1469,2026-02-05,Data Update,Low,Active,Low,24,0
REQ-1470,2026-04-14,Join Request,Medium,Expired,High,30,1
REQ-1471,2026-05-15,Join Request,High,Active,Low,32,0
REQ-1472,2026-03-26,Join Request,Medium,Active,Low,20,0
REQ-1473,2026-02-28,Join Request,Low,Active,High,25,0
REQ-1474,2026-01-05,Data Update,Medium,Expired,Low,12,1
REQ-1475,2026-03-25,System Audit,Medium,Active,Low,11,0
REQ-1476,2026-02-08,Data Update,Low,Active,Medium,17,1
REQ-1477,2026-03-05,Data Update,Medium,Active,High,29,0
REQ-1478,2026-05-04,Data Update,High,Active,Medium,38,0
REQ-1479,2026-03-03,Join Request,Low,Active,Low,15,0
REQ-1480,2026-01-27,Data Update,Low,Active,Medium,18,0
REQ-1481,2026-02-01,Join Request,Low,Active,Low,17,0
REQ-1482,2026-05-13,System Audit,Low,Expired,Low,18,0
REQ-1483,2026-02-06,Role Permission,Low,Active,High,34,1
REQ-1484,2026-02-17,Data Update,High,Active,High,59,0
REQ-1485,2026-04-03,Data Update,Low,Active,Medium,16,0
REQ-1486,2026-03-31,Data Update,Low,Active,Medium,15,0
REQ-1487,2026-04-08,Join Request,Medium,Expired,Medium,22,1
REQ-1488,2026-05-27,Data Update,Low,Active,Low,16,1
REQ-1489,2026-04-26,System Audit,Low,Expired,Medium,13,1
REQ-1490,2026-03-30,Join Request,High,Active,Low,30,0
REQ-1491,2026-04-25,Join Request,High,Active,Medium,33,0
REQ-1492,2026-04-03,Join Request,Low,Active,Medium,18,0
REQ-1493,2026-02-28,Data Update,High,Expired,Low,42,1
REQ-1494,2026-05-29,Role Permission,Low,Active,Medium,12,0
REQ-1495,2026-02-18,Data Update,Low,Active,Medium,23,0
REQ-1496,2026-01-20,Join Request,Medium,Active,High,35,0
REQ-1497,2026-03-13,Role Permission,Low,Active,Low,15,0
REQ-1498,2026-05-30,Join Request,Low,Active,Low,24,0
REQ-1499,2026-03-20,Data Update,High,Active,Low,39,0
REQ-1500,2026-02-24,Join Request,High,Active,Low,33,0
REQ-1501,2026-04-10,Data Update,Low,Active,Low,18,0
REQ-1502,2026-01-10,Join Request,Low,Active,High,28,0
REQ-1503,2026-04-20,System Audit,Low,Active,High,33,0
REQ-1504,2026-02-09,Join Request,Medium,Active,Medium,23,0
REQ-1505,2026-01-16,Data Update,Low,Active,Low,21,0
REQ-1506,2026-03-17,Join Request,Low,Active,High,39,0
REQ-1507,2026-01-24,Join Request,Medium,Active,Low,22,0
REQ-1508,2026-05-22,System Audit,Low,Active,Low,12,0
REQ-1509,2026-05-02,Data Update,Low,Active,High,39,0
REQ-1510,2026-05-10,Data Update,Low,Active,Low,16,0
REQ-1511,2026-02-05,Join Request,Medium,Active,Low,18,0
REQ-1512,2026-04-10,Data Update,Medium,Active,Medium,12,0
REQ-1513,2026-05-11,Data Update,Medium,Active,Medium,14,0
REQ-1514,2026-01-28,Role Permission,Low,Active,High,28,1
REQ-1515,2026-01-18,Data Update,High,Active,Medium,35,0
REQ-1516,2026-03-01,Join Request,Low,Expired,Medium,21,0
REQ-1517,2026-03-27,Join Request,Medium,Active,Medium,16,0
REQ-1518,2026-04-16,Join Request,Low,Active,Medium,13,0
REQ-1519,2026-02-17,System Audit,Low,Active,High,35,0
REQ-1520,2026-01-22,Role Permission,Medium,Active,Low,18,0
REQ-1521,2026-02-10,Data Update,Medium,Active,Medium,23,0
REQ-1522,2026-01-24,Join Request,Low,Active,Low,14,0
REQ-1523,2026-02-25,Data Update,Low,Active,High,29,0
REQ-1524,2026-03-02,Data Update,Low,Active,Medium,18,0
REQ-1525,2026-01-04,Role Permission,High,Active,Low,43,0
REQ-1526,2026-02-07,Role Permission,Low,Active,Low,19,0
REQ-1527,2026-05-30,Data Update,Medium,Active,Low,11,0
REQ-1528,2026-02-11,Role Permission,Low,Active,Low,15,0
REQ-1529,2026-02-11,Join Request,Low,Active,Low,15,0
REQ-1530,2026-04-02,Role Permission,Low,Active,High,36,1
REQ-1531,2026-05-01,System Audit,Medium,Active,Low,12,0
REQ-1532,2026-01-30,Data Update,Low,Active,Medium,15,0
REQ-1533,2026-02-14,Data Update,Medium,Active,Low,24,0
REQ-1534,2026-02-14,Join Request,Low,Expired,Medium,15,0
REQ-1535,2026-04-23,Role Permission,Medium,Active,Medium,12,1
REQ-1536,2026-05-28,Join Request,Medium,Active,Medium,19,0
REQ-1537,2026-05-29,Join Request,Medium,Active,Low,15,0
REQ-1538,2026-05-18,Join Request,Low,Active,Low,18,0
REQ-1539,2026-01-21,Join Request,Low,Active,Medium,18,0
REQ-1540,2026-02-10,Data Update,High,Active,Low,39,1
REQ-1541,2026-05-17,Role Permission,Medium,Expired,Medium,22,1
REQ-1542,2026-02-16,Join Request,Medium,Expired,Low,13,1
REQ-1543,2026-04-17,Data Update,Medium,Active,High,28,0
REQ-1544,2026-03-17,Role Permission,Medium,Active,Medium,14,1
REQ-1545,2026-02-26,Role Permission,Medium,Active,Medium,22,0
REQ-1546,2026-01-13,Join Request,Low,Active,Low,20,0
REQ-1547,2026-01-24,Role Permission,Low,Active,High,32,1
REQ-1548,2026-01-06,Data Update,High,Active,Medium,36,0
REQ-1549,2026-04-08,Role Permission,Medium,Active,Low,20,0
REQ-1550,2026-02-23,System Audit,High,Active,Medium,30,0
REQ-1551,2026-05-05,Role Permission,Low,Active,Low,18,0
REQ-1552,2026-05-20,Join Request,Low,Active,Low,23,0
REQ-1553,2026-05-06,Join Request,Medium,Active,Medium,21,0
REQ-1554,2026-01-18,Data Update,Medium,Active,High,29,0
REQ-1555,2026-01-23,Join Request,Low,Active,Low,24,0
REQ-1556,2026-05-30,Role Permission,Low,Expired,Medium,23,0
REQ-1557,2026-05-04,Join Request,Low,Active,High,27,0
REQ-1558,2026-03-21,Role Permission,High,Active,Medium,32,0
REQ-1559,2026-05-22,Join Request,Low,Active,Medium,13,0
REQ-1560,2026-03-28,Role Permission,Medium,Active,High,29,1
REQ-1561,2026-05-17,Data Update,Low,Active,Low,20,0
REQ-1562,2026-03-24,Data Update,Low,Active,Medium,10,0
REQ-1563,2026-01-17,System Audit,Low,Active,Medium,10,1
REQ-1564,2026-05-30,Role Permission,Low,Active,Medium,13,0
REQ-1565,2026-02-08,Data Update,Low,Active,Medium,12,0
REQ-1566,2026-02-23,System Audit,Low,Active,Medium,20,0
REQ-1567,2026-01-18,Role Permission,Low,Active,Low,10,0
REQ-1568,2026-01-05,Join Request,Medium,Expired,Medium,20,1
REQ-1569,2026-04-15,Role Permission,Low,Active,Low,23,0
REQ-1570,2026-03-18,Role Permission,Low,Active,Medium,13,0
REQ-1571,2026-03-11,System Audit,High,Active,Low,35,0
REQ-1572,2026-01-15,Role Permission,Medium,Active,Medium,20,0
REQ-1573,2026-04-19,Join Request,High,Active,Medium,44,0
REQ-1574,2026-03-31,Data Update,Medium,Active,High,37,0
REQ-1575,2026-05-29,Join Request,Medium,Expired,Low,22,1
REQ-1576,2026-02-04,Data Update,Low,Active,High,25,0
REQ-1577,2026-03-23,Join Request,Low,Active,Medium,17,0
REQ-1578,2026-05-23,Data Update,High,Active,Medium,34,0
REQ-1579,2026-01-04,Join Request,High,Active,Low,43,0
REQ-1580,2026-02-15,System Audit,Medium,Expired,Medium,21,1
REQ-1581,2026-01-03,Join Request,Medium,Active,High,35,0
REQ-1582,2026-04-04,Join Request,Low,Active,High,25,0
REQ-1583,2026-04-14,Data Update,High,Active,Low,35,0
REQ-1584,2026-02-14,Data Update,High,Active,Medium,39,1
REQ-1585,2026-01-14,System Audit,Medium,Active,Medium,13,0
REQ-1586,2026-04-06,Join Request,Low,Active,Low,22,0
REQ-1587,2026-03-10,Data Update,High,Expired,Medium,43,1
REQ-1588,2026-04-17,Join Request,High,Active,High,54,0
REQ-1589,2026-01-08,Data Update,Low,Active,High,28,0
REQ-1590,2026-01-31,Data Update,Medium,Active,High,31,0
REQ-1591,2026-02-07,Join Request,Low,Expired,Medium,10,0
REQ-1592,2026-02-01,System Audit,High,Active,High,52,0
REQ-1593,2026-03-18,Join Request,Medium,Active,Low,24,0
REQ-1594,2026-04-15,Join Request,Medium,Active,Low,16,1
REQ-1595,2026-03-29,Data Update,Medium,Active,Low,10,0
REQ-1596,2026-01-18,Join Request,Low,Active,Medium,22,0
REQ-1597,2026-02-18,Join Request,Low,Active,Low,10,0
REQ-1598,2026-01-25,Join Request,Low,Active,Medium,24,0
REQ-1599,2026-01-22,Role Permission,High,Active,Medium,32,0
REQ-1600,2026-05-23,Data Update,Low,Active,Medium,13,0
REQ-1601,2026-04-07,Data Update,Low,Active,High,30,0
REQ-1602,2026-03-29,Role Permission,Medium,Active,Medium,18,0
REQ-1603,2026-04-23,Join Request,Low,Expired,Medium,17,0
REQ-1604,2026-04-15,Join Request,Low,Active,High,32,0
REQ-1605,2026-01-10,Data Update,Low,Active,Medium,19,0
REQ-1606,2026-05-07,Role Permission,Low,Active,Medium,10,0
REQ-1607,2026-02-12,System Audit,Low,Active,Low,19,0
REQ-1608,2026-05-24,Join Request,Low,Active,Medium,10,0
REQ-1609,2026-05-11,Role Permission,Low,Active,Low,11,0
REQ-1610,2026-05-27,Join Request,Low,Active,Low,17,0
REQ-1611,2026-03-12,Join Request,High,Active,Medium,31,0
REQ-1612,2026-01-05,Join Request,Medium,Active,Medium,21,0
REQ-1613,2026-03-23,Join Request,High,Expired,Low,41,1
REQ-1614,2026-03-11,Join Request,Medium,Active,Medium,14,0
REQ-1615,2026-02-14,Join Request,Low,Active,Low,14,0
REQ-1616,2026-04-11,Join Request,Medium,Active,Low,20,0
REQ-1617,2026-05-24,Join Request,Low,Active,Medium,20,0
REQ-1618,2026-03-19,Data Update,Medium,Active,Low,21,0
REQ-1619,2026-01-22,Join Request,Medium,Active,High,31,0
REQ-1620,2026-05-13,Data Update,High,Active,Medium,30,0
REQ-1621,2026-01-12,Role Permission,Medium,Active,High,26,1
REQ-1622,2026-05-01,Join Request,Medium,Active,Medium,22,0
REQ-1623,2026-01-19,Join Request,Medium,Active,Medium,19,0
REQ-1624,2026-05-11,Data Update,Low,Active,Low,12,0
REQ-1625,2026-04-28,Data Update,Medium,Expired,Medium,22,1
REQ-1626,2026-04-05,Data Update,High,Active,Medium,38,0
REQ-1627,2026-03-25,Role Permission,Medium,Active,High,37,1
REQ-1628,2026-05-17,Data Update,Low,Expired,Low,17,0
REQ-1629,2026-03-17,Data Update,Medium,Active,Low,18,0
REQ-1630,2026-03-26,Role Permission,High,Active,Low,33,0
REQ-1631,2026-02-20,Join Request,Medium,Active,High,38,0
REQ-1632,2026-05-28,Join Request,Medium,Active,Medium,21,0
REQ-1633,2026-02-21,Join Request,Medium,Active,High,37,0
REQ-1634,2026-03-06,Join Request,Low,Active,Medium,10,0
REQ-1635,2026-04-22,Data Update,High,Active,Low,35,0
REQ-1636,2026-01-22,Role Permission,Medium,Active,Medium,11,0
REQ-1637,2026-01-31,Role Permission,High,Active,High,46,1
REQ-1638,2026-01-02,Role Permission,Medium,Active,High,30,1
REQ-1639,2026-01-13,Data Update,High,Active,Medium,44,0
REQ-1640,2026-02-21,Join Request,Low,Expired,Low,24,0
REQ-1641,2026-02-24,System Audit,High,Expired,Low,34,1
REQ-1642,2026-05-28,Role Permission,Low,Active,High,31,1
REQ-1643,2026-01-09,Join Request,Low,Expired,Medium,22,0
REQ-1644,2026-05-09,Join Request,High,Active,Medium,30,0
REQ-1645,2026-02-11,Join Request,Low,Active,Medium,21,0
REQ-1646,2026-04-14,Data Update,Medium,Active,Low,20,0
REQ-1647,2026-01-18,Data Update,Low,Active,Medium,11,0
REQ-1648,2026-05-26,Role Permission,High,Active,Medium,39,0
REQ-1649,2026-02-14,Role Permission,Low,Active,Medium,13,0
REQ-1650,2026-01-21,Role Permission,High,Active,Medium,44,0
REQ-1651,2026-03-16,Data Update,Low,Active,Medium,24,0
REQ-1652,2026-02-28,Join Request,Low,Active,Medium,13,0
REQ-1653,2026-03-04,Role Permission,Low,Expired,High,37,1
REQ-1654,2026-05-05,Join Request,Medium,Active,High,33,0
REQ-1655,2026-05-02,Join Request,Low,Active,Low,11,1
REQ-1656,2026-05-15,Data Update,Low,Active,Medium,24,0
REQ-1657,2026-02-15,Data Update,Low,Active,Medium,22,0
REQ-1658,2026-04-06,Data Update,Medium,Active,Low,17,0
REQ-1659,2026-01-25,Role Permission,Low,Expired,Medium,11,0
REQ-1660,2026-02-28,Data Update,Medium,Active,Medium,20,0
REQ-1661,2026-05-19,Join Request,High,Active,Medium,38,0
REQ-1662,2026-01-25,Role Permission,Medium,Active,Medium,16,0
REQ-1663,2026-05-02,System Audit,High,Active,Medium,43,0
REQ-1664,2026-03-08,Data Update,Medium,Active,Medium,15,0
REQ-1665,2026-02-08,Join Request,High,Active,Low,37,1
REQ-1666,2026-05-06,Join Request,High,Expired,Low,32,1
REQ-1667,2026-05-27,System Audit,Medium,Expired,High,29,1
REQ-1668,2026-01-10,Join Request,High,Active,High,45,0
REQ-1669,2026-05-22,System Audit,Medium,Active,High,36,0
REQ-1670,2026-01-15,Data Update,Low,Active,Medium,22,0
REQ-1671,2026-01-02,Role Permission,Low,Active,Medium,20,0
REQ-1672,2026-03-14,System Audit,Low,Active,High,34,0
REQ-1673,2026-03-11,Join Request,Medium,Active,Medium,19,0
REQ-1674,2026-01-27,Join Request,High,Active,Medium,35,0
REQ-1675,2026-03-10,Role Permission,High,Active,High,57,1
REQ-1676,2026-01-07,Data Update,High,Active,Medium,33,0
REQ-1677,2026-04-11,Join Request,Low,Active,Low,13,0
REQ-1678,2026-03-23,Role Permission,High,Active,Medium,30,0
REQ-1679,2026-04-08,Role Permission,High,Active,Medium,37,0
REQ-1680,2026-04-25,Join Request,Low,Active,Medium,21,0
REQ-1681,2026-01-21,Role Permission,Low,Active,Low,18,0
REQ-1682,2026-02-01,Role Permission,High,Active,Medium,36,0
REQ-1683,2026-03-08,Join Request,High,Active,Low,38,0
REQ-1684,2026-03-02,Data Update,High,Expired,Medium,39,1
REQ-1685,2026-02-22,Data Update,Medium,Active,Medium,24,0
REQ-1686,2026-01-29,Join Request,Medium,Expired,Medium,20,1
REQ-1687,2026-05-12,Join Request,Low,Expired,Low,15,0
REQ-1688,2026-04-29,Join Request,Low,Active,Medium,18,0
REQ-1689,2026-03-13,Data Update,Low,Active,Medium,16,0
REQ-1690,2026-02-16,Data Update,Low,Active,Low,10,0
REQ-1691,2026-04-03,Role Permission,Low,Expired,Medium,22,0
REQ-1692,2026-04-26,Join Request,Medium,Active,Low,10,0
REQ-1693,2026-01-08,Join Request,Medium,Active,High,29,0
REQ-1694,2026-03-28,Data Update,Low,Active,Medium,13,0
REQ-1695,2026-03-26,Join Request,Medium,Active,Low,18,0
REQ-1696,2026-01-04,Data Update,High,Active,Medium,35,0
REQ-1697,2026-03-31,Join Request,Low,Active,Low,14,0
REQ-1698,2026-02-12,Join Request,Medium,Active,Low,17,1
REQ-1699,2026-02-03,Join Request,Medium,Active,High,32,0
REQ-1700,2026-04-01,Data Update,Medium,Active,High,28,0
REQ-1701,2026-01-15,Role Permission,Medium,Active,High,38,1
REQ-1702,2026-02-06,Join Request,Medium,Active,Medium,24,0
REQ-1703,2026-04-23,Data Update,Low,Active,Medium,11,0
REQ-1704,2026-05-17,Role Permission,Low,Active,Low,17,0
REQ-1705,2026-01-22,System Audit,High,Active,Low,33,0
REQ-1706,2026-05-06,Join Request,Medium,Active,High,37,0
REQ-1707,2026-03-14,Data Update,Low,Active,Medium,17,0
REQ-1708,2026-02-14,Data Update,Medium,Active,Medium,15,0
REQ-1709,2026-04-17,Role Permission,Low,Active,Medium,14,0
REQ-1710,2026-05-12,Join Request,Low,Active,Low,19,0
REQ-1711,2026-01-23,System Audit,Medium,Active,Low,16,1
REQ-1712,2026-01-26,Data Update,Low,Expired,Medium,13,1
REQ-1713,2026-02-21,Data Update,High,Expired,Medium,36,1
REQ-1714,2026-02-19,System Audit,Low,Active,Medium,15,0
REQ-1715,2026-05-26,Join Request,Low,Active,Medium,12,0
REQ-1716,2026-04-05,Join Request,Low,Active,Medium,19,0
REQ-1717,2026-05-19,Join Request,High,Active,Low,32,0
REQ-1718,2026-01-24,Data Update,Medium,Expired,Low,13,1
REQ-1719,2026-04-05,Join Request,Low,Active,Medium,12,0
REQ-1720,2026-04-17,Join Request,Medium,Expired,Medium,21,1
REQ-1721,2026-05-14,Role Permission,Medium,Expired,High,29,1
REQ-1722,2026-01-07,Join Request,Medium,Active,Medium,14,1
REQ-1723,2026-02-18,Data Update,Low,Active,Low,16,0
REQ-1724,2026-04-11,Data Update,Low,Active,Medium,10,0
REQ-1725,2026-03-19,Join Request,Low,Active,High,28,0
REQ-1726,2026-01-01,Join Request,Low,Expired,High,37,0
REQ-1727,2026-05-02,Join Request,Medium,Active,Medium,24,0
REQ-1728,2026-02-19,Role Permission,Low,Expired,Medium,18,0
REQ-1729,2026-05-16,Role Permission,Low,Active,Medium,15,0
REQ-1730,2026-03-05,System Audit,High,Active,Low,41,0
REQ-1731,2026-05-10,System Audit,Low,Expired,High,31,1
REQ-1732,2026-01-02,Join Request,Low,Active,Medium,10,0
REQ-1733,2026-01-17,Role Permission,Medium,Active,Low,17,0
REQ-1734,2026-02-25,System Audit,Low,Active,Low,12,0
REQ-1735,2026-04-26,System Audit,High,Active,Low,44,0
REQ-1736,2026-04-30,Role Permission,Medium,Active,Medium,10,0
REQ-1737,2026-05-03,Join Request,Low,Expired,Medium,17,0
REQ-1738,2026-05-21,Data Update,Medium,Expired,Medium,19,1
REQ-1739,2026-01-12,Data Update,Low,Active,Low,11,0
REQ-1740,2026-02-08,Data Update,Low,Active,High,26,0
REQ-1741,2026-04-19,Role Permission,Medium,Active,Medium,16,0
REQ-1742,2026-05-12,System Audit,Low,Active,High,37,0
REQ-1743,2026-05-24,Data Update,Medium,Active,Low,14,1
REQ-1744,2026-03-05,System Audit,Low,Active,Low,14,1
REQ-1745,2026-05-20,Join Request,Low,Active,Medium,17,0
REQ-1746,2026-01-27,System Audit,Medium,Active,Medium,17,0
REQ-1747,2026-05-19,Join Request,Low,Active,Low,15,1
REQ-1748,2026-05-30,Join Request,Medium,Active,Medium,13,0
REQ-1749,2026-05-03,Join Request,Medium,Expired,Medium,20,1
REQ-1750,2026-02-12,System Audit,High,Active,Low,30,0
REQ-1751,2026-02-15,Role Permission,Low,Expired,Medium,14,0
REQ-1752,2026-05-10,Join Request,High,Active,Low,37,0
REQ-1753,2026-03-07,Join Request,High,Active,Medium,43,0
REQ-1754,2026-01-30,Data Update,Low,Active,High,31,0
REQ-1755,2026-01-25,Data Update,Medium,Active,Medium,16,1
REQ-1756,2026-05-27,Join Request,Low,Active,Medium,22,0
REQ-1757,2026-01-12,Role Permission,High,Active,Medium,32,0
REQ-1758,2026-05-27,Join Request,Low,Active,Low,12,0
REQ-1759,2026-02-19,Join Request,Medium,Active,High,35,0
REQ-1760,2026-04-23,Data Update,High,Active,High,56,0
REQ-1761,2026-05-08,Join Request,Low,Active,High,31,0
REQ-1762,2026-05-29,Data Update,High,Active,Medium,31,0
REQ-1763,2026-04-27,Join Request,High,Expired,Medium,38,1
REQ-1764,2026-01-16,Join Request,Low,Active,Medium,23,0
REQ-1765,2026-05-13,Join Request,High,Active,Low,38,0
REQ-1766,2026-05-30,Data Update,Medium,Active,Medium,11,0
REQ-1767,2026-04-12,Join Request,Medium,Active,Low,17,0
REQ-1768,2026-05-19,Join Request,Medium,Active,Low,14,0
REQ-1769,2026-03-09,Role Permission,Medium,Active,Low,17,1
REQ-1770,2026-05-30,Join Request,Low,Expired,Low,21,0
REQ-1771,2026-05-02,System Audit,High,Active,Medium,33,0
REQ-1772,2026-03-09,Join Request,High,Active,High,50,0
REQ-1773,2026-02-11,Join Request,High,Active,Medium,40,0
REQ-1774,2026-05-05,Data Update,High,Active,Medium,43,0
REQ-1775,2026-01-16,Join Request,High,Expired,Medium,41,1
REQ-1776,2026-04-23,Data Update,Low,Active,Medium,22,1
REQ-1777,2026-01-20,Join Request,High,Active,Medium,39,0
REQ-1778,2026-01-04,Role Permission,Medium,Active,Medium,22,0
REQ-1779,2026-05-05,Data Update,High,Active,High,53,1
REQ-1780,2026-02-08,Join Request,Medium,Active,High,31,0
REQ-1781,2026-05-12,Data Update,Low,Active,Medium,12,0
REQ-1782,2026-03-19,Data Update,Low,Active,Medium,13,0
REQ-1783,2026-04-28,Role Permission,Medium,Active,Medium,13,0
REQ-1784,2026-03-08,Data Update,High,Active,Low,39,0
REQ-1785,2026-02-14,Role Permission,High,Expired,Medium,31,1
REQ-1786,2026-01-20,Data Update,High,Active,Low,30,0
REQ-1787,2026-02-05,Data Update,High,Active,Medium,35,0
REQ-1788,2026-03-31,Join Request,Low,Expired,Medium,15,0
REQ-1789,2026-01-06,Join Request,Low,Active,Low,18,0
REQ-1790,2026-02-23,Data Update,High,Active,High,49,0
REQ-1791,2026-01-01,Role Permission,High,Active,Low,32,0
REQ-1792,2026-04-29,Data Update,Low,Active,Medium,10,0
REQ-1793,2026-05-11,Role Permission,Medium,Active,Low,24,0
REQ-1794,2026-03-01,Data Update,Medium,Active,Medium,23,0
REQ-1795,2026-05-05,Data Update,Low,Active,Medium,15,0
REQ-1796,2026-01-09,Data Update,High,Active,High,55,0
REQ-1797,2026-03-11,Data Update,Low,Active,Medium,18,0
REQ-1798,2026-05-21,Join Request,Low,Active,Low,18,0
REQ-1799,2026-05-30,Role Permission,Low,Active,Medium,17,0
REQ-1800,2026-04-26,Role Permission,Low,Active,Medium,14,0
REQ-1801,2026-01-19,Role Permission,High,Expired,Medium,37,1
REQ-1802,2026-01-19,Join Request,Medium,Active,Low,21,0
REQ-1803,2026-01-13,Role Permission,High,Active,High,51,1
REQ-1804,2026-01-25,Role Permission,Low,Active,Low,18,0
REQ-1805,2026-05-10,Data Update,Low,Expired,Low,19,0
REQ-1806,2026-04-27,Role Permission,Medium,Active,Medium,17,0
REQ-1807,2026-04-11,Join Request,High,Expired,Medium,41,1
REQ-1808,2026-01-23,Join Request,Low,Active,High,35,0
REQ-1809,2026-05-15,Join Request,Low,Active,Medium,12,0
REQ-1810,2026-03-19,Join Request,Low,Active,Medium,16,0
REQ-1811,2026-04-16,System Audit,Low,Expired,High,39,0
REQ-1812,2026-04-14,Data Update,Low,Active,Low,17,0
REQ-1813,2026-04-21,Role Permission,Medium,Active,Medium,20,0
REQ-1814,2026-05-11,Data Update,Low,Expired,Medium,18,0
REQ-1815,2026-01-01,Join Request,Low,Active,High,36,0
REQ-1816,2026-05-09,Join Request,Medium,Expired,Medium,20,1
REQ-1817,2026-01-25,Join Request,Low,Active,Low,20,0
REQ-1818,2026-03-26,Data Update,Low,Active,High,30,0
REQ-1819,2026-04-18,Join Request,High,Active,Low,34,0
REQ-1820,2026-01-22,Data Update,High,Active,Low,35,0
REQ-1821,2026-02-16,Data Update,Low,Active,High,26,0
REQ-1822,2026-01-16,Role Permission,Medium,Active,Medium,22,0
REQ-1823,2026-01-31,Data Update,Medium,Active,Medium,13,0
REQ-1824,2026-05-18,Join Request,Low,Active,High,33,0
REQ-1825,2026-01-26,Data Update,Low,Active,Medium,12,0
REQ-1826,2026-01-09,Data Update,Low,Active,High,38,0
REQ-1827,2026-05-19,Data Update,High,Active,Medium,31,0
REQ-1828,2026-01-31,Data Update,Low,Active,High,34,0
REQ-1829,2026-04-15,Join Request,Low,Active,Medium,22,0
REQ-1830,2026-05-08,Data Update,Medium,Active,Medium,13,0
REQ-1831,2026-01-11,Data Update,Low,Expired,Medium,24,0
REQ-1832,2026-02-16,System Audit,High,Active,Medium,37,0
REQ-1833,2026-01-10,System Audit,Low,Expired,Medium,21,0
REQ-1834,2026-03-29,Role Permission,Medium,Active,High,29,1
REQ-1835,2026-03-06,Data Update,High,Active,Low,41,1
REQ-1836,2026-03-29,Join Request,Medium,Active,Low,15,0
REQ-1837,2026-02-24,Join Request,Medium,Active,Medium,21,0
REQ-1838,2026-05-27,System Audit,Medium,Expired,Medium,12,1
REQ-1839,2026-01-11,Role Permission,Low,Active,High,33,1
REQ-1840,2026-02-28,System Audit,Low,Active,High,31,0
REQ-1841,2026-02-14,Join Request,Low,Active,Low,17,1
REQ-1842,2026-03-03,Join Request,Low,Active,Medium,18,0
REQ-1843,2026-05-30,Join Request,Medium,Active,High,28,0
REQ-1844,2026-03-15,Join Request,Medium,Active,Low,21,0
REQ-1845,2026-01-15,Role Permission,Low,Active,Low,22,0
REQ-1846,2026-02-13,Data Update,Low,Active,Medium,18,1
REQ-1847,2026-04-15,Join Request,Medium,Active,Low,12,0
REQ-1848,2026-03-09,Data Update,Medium,Active,Low,16,0
REQ-1849,2026-02-16,Data Update,Low,Active,High,26,0
REQ-1850,2026-04-25,Join Request,Medium,Active,Medium,18,0
REQ-1851,2026-04-11,Join Request,Low,Active,Low,18,0
REQ-1852,2026-04-20,Join Request,Low,Active,Medium,11,0
REQ-1853,2026-01-14,Data Update,Low,Expired,Low,18,0
REQ-1854,2026-04-17,Join Request,Medium,Expired,Medium,24,1
REQ-1855,2026-04-18,Join Request,Low,Active,High,39,0
REQ-1856,2026-01-11,Join Request,High,Active,Medium,31,0
REQ-1857,2026-04-09,Data Update,High,Active,Low,31,0
REQ-1858,2026-02-02,Data Update,Low,Expired,Medium,12,0
REQ-1859,2026-01-26,Join Request,High,Active,Medium,37,0
REQ-1860,2026-05-16,Join Request,High,Active,Medium,30,0
REQ-1861,2026-01-31,Join Request,Low,Active,High,30,0
REQ-1862,2026-02-03,Join Request,Medium,Active,Medium,11,1
REQ-1863,2026-01-10,Data Update,High,Active,High,56,0
REQ-1864,2026-01-11,System Audit,High,Active,Low,36,0
REQ-1865,2026-04-22,Join Request,Low,Active,Low,19,0
REQ-1866,2026-05-15,Data Update,Low,Active,Low,24,0
REQ-1867,2026-01-26,System Audit,Low,Active,Medium,19,0
REQ-1868,2026-04-16,Data Update,Low,Active,Medium,23,0
REQ-1869,2026-04-20,Join Request,Low,Active,Medium,20,0
REQ-1870,2026-03-05,Join Request,High,Expired,High,48,1
REQ-1871,2026-02-25,Join Request,High,Active,High,59,0
REQ-1872,2026-05-10,System Audit,Low,Active,Low,10,0
REQ-1873,2026-02-17,Join Request,Low,Active,Low,14,0
REQ-1874,2026-05-19,Join Request,Medium,Active,Medium,22,0
REQ-1875,2026-05-23,System Audit,High,Active,Medium,36,0
REQ-1876,2026-03-20,Join Request,Low,Active,Medium,15,0
REQ-1877,2026-04-03,Data Update,Medium,Active,Medium,24,0
REQ-1878,2026-05-22,Join Request,Low,Active,Medium,20,0
REQ-1879,2026-02-13,Data Update,Low,Active,Low,19,0
REQ-1880,2026-01-01,Join Request,Medium,Active,Low,11,0
REQ-1881,2026-01-27,Data Update,Low,Active,High,36,0
REQ-1882,2026-04-11,Role Permission,Medium,Active,Low,20,0
REQ-1883,2026-05-08,Role Permission,Low,Active,Low,11,1
REQ-1884,2026-05-08,Role Permission,High,Active,High,49,1
REQ-1885,2026-05-20,Data Update,Low,Active,Low,12,0
REQ-1886,2026-05-25,Join Request,Low,Active,Medium,15,0
REQ-1887,2026-01-04,Data Update,Low,Active,High,34,1
REQ-1888,2026-01-24,Join Request,Medium,Active,Medium,12,0
REQ-1889,2026-02-27,Data Update,Medium,Active,Low,19,0
REQ-1890,2026-05-10,Data Update,Low,Active,High,29,1
REQ-1891,2026-04-30,Join Request,High,Active,Low,36,0
REQ-1892,2026-05-04,Data Update,Low,Expired,Medium,23,0
REQ-1893,2026-05-15,System Audit,Low,Active,Low,17,0
REQ-1894,2026-05-08,Data Update,Low,Active,High,28,0
REQ-1895,2026-05-19,Role Permission,Low,Expired,Low,17,0
REQ-1896,2026-05-16,Data Update,High,Active,High,47,0
REQ-1897,2026-04-29,Join Request,High,Active,Low,39,0
REQ-1898,2026-03-10,Join Request,Medium,Active,Low,11,0
REQ-1899,2026-05-27,Join Request,High,Active,Medium,38,0
REQ-1900,2026-04-15,Join Request,Medium,Active,Medium,11,0
REQ-1901,2026-01-17,System Audit,Medium,Active,Medium,11,0
REQ-1902,2026-01-11,Role Permission,Medium,Active,Medium,23,0
REQ-1903,2026-03-30,Role Permission,Low,Active,Low,17,0
REQ-1904,2026-01-09,Data Update,Low,Active,High,39,0
REQ-1905,2026-01-06,System Audit,High,Active,Low,41,0
REQ-1906,2026-05-04,Join Request,Medium,Active,Medium,21,0
REQ-1907,2026-04-24,Data Update,High,Active,Low,33,0
REQ-1908,2026-02-05,Data Update,Medium,Expired,Medium,19,1
REQ-1909,2026-04-05,Role Permission,Medium,Active,Low,17,0
REQ-1910,2026-04-26,Role Permission,Low,Active,Low,13,1
REQ-1911,2026-04-20,Join Request,Low,Active,Low,18,0
REQ-1912,2026-01-03,Data Update,Low,Active,Low,16,0
REQ-1913,2026-04-16,Join Request,Low,Active,Low,21,0
REQ-1914,2026-05-30,Role Permission,Low,Active,Medium,24,0
REQ-1915,2026-04-08,Join Request,Medium,Active,Medium,19,0
REQ-1916,2026-02-04,Join Request,High,Active,Medium,36,0
REQ-1917,2026-05-08,Join Request,Medium,Active,High,30,0
REQ-1918,2026-02-16,Join Request,Low,Active,Medium,18,0
REQ-1919,2026-04-16,Role Permission,Low,Active,Medium,14,0
REQ-1920,2026-01-01,Join Request,Low,Active,Low,23,0
REQ-1921,2026-05-16,Role Permission,Low,Active,Medium,24,0
REQ-1922,2026-05-16,Role Permission,High,Active,Low,34,0
REQ-1923,2026-01-02,Data Update,Low,Active,High,33,1
REQ-1924,2026-01-19,Role Permission,Low,Expired,Medium,24,0
REQ-1925,2026-05-09,Role Permission,Low,Expired,Medium,21,0
REQ-1926,2026-01-08,System Audit,Low,Active,Low,14,0
REQ-1927,2026-01-12,Data Update,High,Active,Medium,36,0
REQ-1928,2026-01-24,Role Permission,Low,Active,Low,10,0
REQ-1929,2026-01-21,Join Request,Low,Active,Medium,15,0
REQ-1930,2026-01-15,System Audit,Low,Expired,Medium,11,0
REQ-1931,2026-04-16,Join Request,Low,Active,High,26,0
REQ-1932,2026-05-03,Role Permission,High,Active,Medium,32,0
REQ-1933,2026-02-09,Data Update,Low,Expired,Low,16,1
REQ-1934,2026-04-13,Join Request,Low,Active,Medium,11,0
REQ-1935,2026-04-18,Data Update,Low,Active,High,34,0
REQ-1936,2026-05-08,Join Request,High,Active,Low,31,0
REQ-1937,2026-04-02,Data Update,Low,Active,Low,21,0
REQ-1938,2026-04-04,System Audit,Low,Active,Low,21,0
REQ-1939,2026-04-22,Data Update,Low,Expired,Medium,13,1
REQ-1940,2026-03-16,Role Permission,High,Active,Low,42,0
REQ-1941,2026-05-02,Role Permission,Medium,Expired,Low,20,1
REQ-1942,2026-04-23,Join Request,High,Active,Low,41,0
REQ-1943,2026-04-26,Role Permission,Low,Active,Medium,13,0
REQ-1944,2026-01-05,Data Update,High,Active,High,49,0
REQ-1945,2026-01-28,Data Update,Medium,Active,Medium,24,1
REQ-1946,2026-02-13,Role Permission,Medium,Active,Medium,23,0
REQ-1947,2026-02-18,System Audit,Low,Active,Medium,16,0
REQ-1948,2026-05-06,Data Update,Low,Active,Medium,17,0
REQ-1949,2026-03-01,Data Update,Low,Expired,Low,17,0
REQ-1950,2026-03-24,System Audit,High,Active,Medium,40,1
REQ-1951,2026-02-20,Role Permission,High,Expired,Medium,35,1
REQ-1952,2026-02-01,Join Request,Low,Expired,High,35,0
REQ-1953,2026-02-11,Join Request,High,Active,Low,31,0
REQ-1954,2026-02-03,Data Update,High,Expired,Medium,42,1
REQ-1955,2026-03-11,System Audit,High,Active,Medium,42,0
REQ-1956,2026-02-26,Join Request,Low,Expired,Low,19,1
REQ-1957,2026-05-09,Data Update,Low,Active,Low,20,0
REQ-1958,2026-03-01,Data Update,High,Expired,Medium,39,1
REQ-1959,2026-05-13,Join Request,High,Active,Low,32,0
REQ-1960,2026-02-04,Join Request,High,Expired,Low,32,1
REQ-1961,2026-03-16,Data Update,Low,Expired,Low,18,0
REQ-1962,2026-01-06,System Audit,Low,Active,High,39,0
REQ-1963,2026-05-29,Data Update,Medium,Active,Low,21,0
REQ-1964,2026-05-10,Data Update,Low,Active,Medium,21,1
REQ-1965,2026-05-20,Role Permission,High,Active,Low,44,0
REQ-1966,2026-02-15,Join Request,Medium,Active,Medium,19,1
REQ-1967,2026-04-03,Join Request,High,Active,Medium,41,1
REQ-1968,2026-04-18,Role Permission,Low,Active,Medium,24,0
REQ-1969,2026-02-16,Join Request,Low,Active,Medium,13,0
REQ-1970,2026-05-24,Role Permission,High,Active,High,53,1
REQ-1971,2026-05-09,Join Request,High,Active,Medium,44,0
REQ-1972,2026-04-17,Join Request,Low,Active,Medium,16,0
REQ-1973,2026-04-29,Join Request,High,Active,Medium,31,0
REQ-1974,2026-02-22,Role Permission,Medium,Active,Medium,11,0
REQ-1975,2026-03-18,Join Request,Low,Active,High,29,0
REQ-1976,2026-04-18,System Audit,Medium,Active,Medium,13,0
REQ-1977,2026-01-20,Data Update,Medium,Active,Low,17,0
REQ-1978,2026-02-16,Join Request,Medium,Active,Medium,23,0
REQ-1979,2026-05-15,Join Request,Medium,Active,Low,16,0
REQ-1980,2026-02-07,Data Update,Medium,Active,Medium,13,0
REQ-1981,2026-05-29,Data Update,Low,Active,High,25,0
REQ-1982,2026-01-07,Data Update,Medium,Active,Medium,19,0
REQ-1983,2026-03-09,Join Request,Low,Active,Medium,17,0
REQ-1984,2026-01-26,Data Update,High,Active,High,55,0
REQ-1985,2026-05-18,Role Permission,Low,Expired,Low,24,0
REQ-1986,2026-01-22,Join Request,Low,Active,Low,12,0
REQ-1987,2026-04-03,Data Update,Low,Active,Low,21,0
REQ-1988,2026-03-11,Join Request,Low,Active,High,37,1
REQ-1989,2026-01-03,Join Request,High,Active,Medium,44,0
REQ-1990,2026-02-23,Role Permission,Medium,Active,High,33,1
REQ-1991,2026-04-27,Join Request,Low,Active,Medium,14,1
REQ-1992,2026-02-18,Role Permission,High,Expired,Medium,31,1
REQ-1993,2026-04-14,Join Request,Low,Active,Medium,12,0
REQ-1994,2026-01-27,System Audit,Low,Active,High,25,1
REQ-1995,2026-01-07,Data Update,High,Active,Medium,34,0
REQ-1996,2026-01-11,Role Permission,Low,Expired,High,35,1
REQ-1997,2026-01-07,Join Request,High,Expired,Medium,30,1
REQ-1998,2026-05-28,System Audit,Medium,Active,Low,24,0
REQ-1999,2026-04-14,Data Update,Low,Active,High,36,0
